{"cameraMode":{"drawMode":0,"name":"Shaded","section":"Shading Mode"},"sceneLighting":true,"audioPlay":false,"sceneViewState":{"m_AlwaysRefresh":false,"showFog":true,"showSkybox":true,"showFlares":true,"showImageEffects":true,"showParticleSystems":true,"showVisualEffectGraphs":true,"m_FxEnabled":true},"in2DMode":false,"pivot":{"x":1.7857120037078858,"y":-0.23344933986663819,"z":-2.0439584255218508},"rotation":{"x":0.06384790688753128,"y":0.9224728345870972,"z":-0.1738831251859665,"w":0.3387502133846283},"size":2.1258630752563478,"orthographic":false}